ID,Aspect Ratio,CSFD exponent,Dispersion [m],Effective Diameter [m],Large Crater Fraction,Maximum Diameter [m],Median Diameter [m],Minimum Diameter [m],No. of Craters,No. of Large Craters
ESP_011295_2205,0.324572246,-1.741186633,223.6965677,11.62717343,0.097560976,9.048107,1.878759,1.025656,41,4
ESP_011360_1655,1,0,7.728722436,2.387920287,1,2.049286,1.450382,1.251284,3,3
ESP_011368_1860,0.64537708,-2.294284513,24.38259406,4.004083591,0.153846154,3.355892,1.269068,1.029074,13,2
ESP_011428_2200,1,0,109.5838755,3.058385338,1,2.80790329,2.335587502,1.863271713,2,2
ESP_011491_2090,0.49877353,-1.808929447,57.41895275,3.890241797,0.625,2.67539,1.4358435,1.071516,8,5
ESP_011610_1825,0.253604232,-1.153363406,37.70751159,10.32872189,0.6,7.934071,5.278868,2.672926,5,3
ESP_011618_1885,0.296992251,-1.424620868,254.5420141,4.479963329,0.285714286,3.600817,1.579287,1.013702,7,2
ESP_011698_1810,1,0,62.22021604,6.574404446,0.666666667,6.262741,3.264439,1.552189,3,2
ESP_011781_2100,0.609440097,-1.677172637,4.947321433,3.803441391,0.833333333,2.66003,2.099603,1.052275,6,5
ESP_012047_1755,0.12511539,-1.361823644,45.77777015,11.51764442,0.19047619,8.458765,2.677979,1.041721,21,4
ESP_012375_2035,0.417313823,-2.07172799,31.77355274,9.531978877,0.5,6.116096,3.2319095,1.92864,14,7
ESP_013287_1845,1,0,99.74534527,4.818583919,0.5,4.642717361,3.459952354,2.277187347,2,1
ESP_013629_1740,0.635935703,-1.414435207,84.29237403,10.0775094,0.058823529,9.66,1.69,1,17,1
ESP_013655_1710,0.324391999,-1.056259625,83.90687931,9.373347923,0.111111111,9.01,1.79,1.04,9,1
ESP_013694_2060,0.752234895,-2.174101953,38.307144,8.349682151,0.416666667,3.948755,1.844619,1.030689,48,20
ESP_013707_1915,0.680357056,-2.78492944,82.98023191,4.482197251,0.588235294,2.739668,1.488041,1.058741,17,10
ESP_013788_1910,0.533266684,-1.548843714,75.02736844,3.75570585,0.6,3.08,1.74,1.22,5,3
ESP_013800_1820,0.491940277,-1.732369045,53.78097608,9.751231631,0.088235294,7.15,1.74,1.01,34,3
ESP_014010_1800,0.444274945,-2.149743501,161.2280079,9.81893728,0.173913043,5.606953,1.595621,1.004005,69,12
ESP_014143_1950,0.741101623,-2.625674494,66.44304092,10.70096867,0.15625,4.91,1.52,1.01,128,20
ESP_015949_1795,1,0,83.21427812,35.99482464,0.5,35.98613739,19.609025,3.231912613,2,1
ESP_016133_1825,0.185759965,-1.010167279,8.868503619,4.542937318,0.2,4.41,1.32,1.05,5,1
ESP_016149_1905,0.331091839,-2.565327842,84.99944692,4.376935838,0.411764706,2.89,1.29,1.07,17,7
ESP_016161_1755,0.515067436,-1.868236893,35.27834435,10.80091475,0.037037037,9.98,1.99,1.09,27,1
ESP_016186_1725,0.667756955,-0.950137919,42.86812521,22.80162808,0.076923077,21.92,2.91,1.47,13,1
ESP_016200_1740,0.086616304,-1.227674327,43.97668965,5.635320859,0.5,5.058178,2.1384585,1.257835,6,3
ESP_016238_1850,0.916990505,-2.421454105,169.3405755,19.86560971,0.083870968,7.57,1.66,1.01,465,39
ESP_016239_2060,0.337376028,-2.231338479,7.080993327,4.06214502,1,2.77,2.35,1.53,5,5
ESP_016331_1730,1,0,259.9349136,7.901320421,1,6.679218,6.240606,5.801994,2,2
ESP_016465_1735,1,0,50.56349839,7.941682623,1,6.281066895,5.603906631,4.256185532,3,3
ESP_016501_2185,1,0,144.7528838,1.632543436,1,1.316147,1.295419,1.274691,2,2
ESP_016557_2240,0.129745151,-1.155866924,145.4029948,6.469822035,0.5,5.157574,2.512987,1.443001,6,3
ESP_016559_1855,0.702035911,-2.053700998,161.304456,4.098490164,0.416666667,3.03,1.28,1,12,5
ESP_016582_1760,0.417094817,-0.957428602,19.25824494,5.042501229,0.666666667,3.676224,2.9347845,1.018284,6,4
ESP_016610_1725,0.183789537,-1.30510814,174.9939983,4.233695437,0.5,3.765493,1.752247,1.004868,6,3
ESP_016676_1785,0.818282656,-1.662459351,162.4804972,16.3760922,0.105263158,10.3,2.31,1.07,57,6
ESP_016814_2125,0.361459298,-0.646208737,78.2615342,12.33781456,0.4,10.2,2.21,1.51,5,2
ESP_016954_2245,0.812061942,-2.031459055,920.7660775,26.99603794,0.004310345,24.83,1.39,1,232,1
ESP_016994_2245,0.635794967,-1.514717188,40.13674262,8.005762707,0.0625,7.292498,1.434213,1.132908,16,1
ESP_017025_1515,0.362868105,-0.926368976,98.17130268,7.442861043,0.2,7.123259,2.071016,1.166063,5,1
ESP_017030_1755,0.6704659,-1.682649751,69.13583984,11.24145342,0.095238095,7.42,1.625,1.01,42,4
ESP_017038_1790,0.392688788,-0.867750048,19.41233475,5.535952633,0.4,4.491833,1.506075,1.040791,5,2
ESP_017192_2170,0.343486986,-1.405700366,25.80682627,10.8566896,0.25,7.532438,1.8408805,1.360792,20,5
ESP_017231_1880,0.649527273,-1.599292204,34.52711605,6.639058858,0.222222222,4.64,1.71,0.995,18,4
ESP_017262_2160,0.59209899,-1.266860062,131.210142,6.663932023,0.444444444,5.199047,1.859533,1.106581,9,4
ESP_017333_1935,0.669382405,-1.496340392,26.65591655,10.11145702,0.095238095,8.54,1.69,1.01,21,2
ESP_017389_1690,0.280090828,-1.901121632,104.2738729,6.177194831,0.555555556,3.526831,2.05274,1.038298,18,10
ESP_017425_2045,0.636713615,-1.366603809,27.20350542,15.00343135,0.160714286,7.73,1.69,1.29,56,9
ESP_017478_1760,0.58838092,-1.827192433,42.07660356,6.027225538,0.166666667,5.118137,1.7463005,1.140173,12,2
ESP_017481_2110,1,0,117.5887113,9.01972619,0.666666667,8.539108,4.701132,1.936792,3,2
ESP_017492_1890,0.733332979,-1.502601048,34.62111252,7.548735089,0.416666667,4.54,2.175,1.01,24,10
ESP_017566_2025,0.497263428,-2.750839969,72.67054274,5.774840884,0.692307692,3.01,1.79,1.05,26,18
ESP_017637_1875,0.370288758,-1.280215657,43.83533752,4.603662867,0.6,3.84,2.14,1.14,5,3
ESP_017658_1830,0.402816136,-1.940280348,56.84679016,7.52205604,0.148148148,5.45,1.79,1.01,27,4
ESP_017770_1990,0.185754986,-1.893240133,115.1192151,5.008472309,0.75,3.611979,2.235956,1.294044,8,6
ESP_017803_2080,0.378107747,-1.724176473,22.34397958,4.917274941,0.666666667,3.55,2.69,1.47,6,4
ESP_017808_1755,0.377522135,-0.982408172,26.59997339,9.454670032,0.142857143,9.07,2.36,1.2,7,1
ESP_017926_2310,0.673397428,-1.644676143,19.64956602,6.710182394,0.266666667,5.333948,1.758646,1.04529,15,4
ESP_017927_1875,0.328136697,-1.029966795,190.967491,9.071794604,0.142857143,8.877098,1.930141,1.335281,7,1
ESP_017969_1855,0.261762683,-1.131439771,89.44085962,11.084397,0.5,9.418664932,4.375414848,2.501777649,6,3
ESP_017991_2195,1,0,32.53781281,3.10815729,0.666666667,2.888092,1.595753,1.232784,3,2
ESP_018019_1735,0.617341518,-1.070884402,27.96280761,6.916535137,0.142857143,6.65786,1.890226,1.012253,7,1
ESP_018032_1770,0.70773764,-2.295168113,53.95334151,6.185116256,0.259259259,3.979105,1.743952,1.000196,27,7
ESP_018097_2190,1,0,80.54277026,5.205440337,0.666666667,4.88,2.77,1.53,3,2
ESP_018217_1645,0.373194219,-1.591492712,66.30200811,6.805294835,0.214285714,5.296379,1.9458515,1.072203,14,3
ESP_018493_1925,1,0,309.6413215,5.129860909,0.666666667,4.362623215,3.7057724,1.023677826,3,2
ESP_018561_1710,0.362251106,-2.256359646,95.97804102,4.843581287,0.6,3.213449,1.8378585,1.357405,10,6
ESP_018731_1770,0.460270711,-1.095458912,46.70799094,12.53445759,0.1,12.26,2.27,1.34,10,1
ESP_018784_2050,0.285920616,-1.425185135,42.05873859,5.34105805,0.25,4.894415,1.4907495,1.050901,8,2
ESP_018854_2270,0.01108114,-2.875490643,6.296776796,2.950664963,1,1.975451,1.755066,1.316612,5,5
ESP_019165_2165,0.541147848,-1.970674255,58.75878774,6.99321752,0.25,4.767672,1.652384,1.029335,24,6
ESP_019830_2215,0.532777895,-1.828825151,72.37357266,17.40914501,0.028169014,11.125168,2.0023095,1.009598,142,4
ESP_019926_2070,0.437863968,-2.578122377,193.0932235,14.2537802,0.054393305,6.83,1.71,1,239,13
ESP_019983_1800,0.225336187,-0.745308261,18.9869455,6.947915204,0.4,5.89,1.92,1.1,5,2
ESP_020714_2125,1,0,20.31219941,4.502795232,0.5,4.340862,3.2293755,2.117889,2,1
ESP_020803_2010,1,0,16.14072402,8.057244993,0.75,5.93,5.38,1.45,4,3
ESP_020842_2030,0.734763162,-1.76553792,93.9182925,15.32600778,0.024390244,13.957747,2.543245,1.044617,41,1
ESP_020854_1965,0.099317996,-0.955747854,14.97953765,8.105921424,0.333333333,7.247187,2.778706,1.110897,6,2
ESP_020855_2035,0.428841887,-1.230584093,47.29082981,9.745438111,0.2,8.55,2.18,1.46,10,2
ESP_020869_1990,0.288943114,-2.207482443,58.86233284,4.312819238,0.7,2.972349,1.6619215,1.14484,10,7
ESP_020920_1855,1,0,173.1563155,4.832655737,0.5,4.651602,3.477342,2.303082,2,1
ESP_020947_1840,0.622305708,-1.282209757,11.16599739,8.993988483,0.153846154,7.15678,1.712749,1.222635,13,2
ESP_021768_1785,1,0,122.0928315,4.861226116,0.666666667,4.61,2.51,1.03,3,2
ESP_021883_1890,1,0,108.0814766,10.79102274,0.333333333,10.39,5.1,1.32,3,1
ESP_022279_1690,0.644199828,-2.205536194,52.75384104,7.967905871,0.44,4.63,2.25,1.22,25,11
ESP_022299_2040,0.195192347,-1.380523876,354.1726175,6.725990796,0.153846154,5.53,2.54,1.04,13,2
ESP_022536_1830,1,0,23.3309834,2.665207002,0.5,2.612220764,1.823317528,1.034414291,2,1
ESP_022964_1845,0.562546995,-2.743843544,85.5263982,5.587750406,0.305555556,3.147495,1.339848,1.003775,36,11
ESP_023363_1735,0.219473373,-1.368810614,164.161867,6.57737195,0.4,5.87,2.39,1.98,5,2
ESP_023399_1870,0.346749214,-1.020700983,60.07461631,10.28287763,0.2,9.58,1.725,1,10,2
ESP_023426_1835,0.436913811,-2.308710938,46.68256863,6.41409745,0.428571429,5.136005,2.557961,2.235207,7,3
ESP_024203_1795,0.277165976,-1.151335061,279.6534736,10.16118096,0.083333333,9.89,1.49,1.07,12,1
ESP_024211_2060,0.481453061,-2.293019792,57.95488384,2.74800537,1,1.81,1.585,0.993,6,6
ESP_024349_2020,1,0,26.37413779,4.432914485,0.5,4.273726,3.1788865,2.084047,2,1
ESP_024389_1795,0.150326017,-1.18630573,93.31246634,5.352661127,0.2,4.995361,1.907232,1.206776,5,1
ESP_024646_1890,0.515863773,-1.144200384,81.92044711,7.413868375,0.125,6.92,1.71,1.07,8,1
ESP_025732_1875,0.266809248,-1.79334077,118.4810213,5.218950125,0.666666667,3.54,1.98,1.24,9,6
ESP_025943_1850,1,0,82.15489052,3.172985333,1,2.884073257,2.440188408,1.996303558,2,2
ESP_026009_1920,0.519862206,-1.786261551,59.9495929,10.95146006,0.412698413,4.73,2.04,1.02,63,26
ESP_026038_2155,1,0,45.99987185,8.097650129,0.5,8.090273,4.611046,1.131819,2,1
ESP_026124_1935,1,0,100.9333285,7.181161976,0.5,7.14,4.495,1.85,2,1
ESP_026221_1825,1,0,18.58539863,13.44813226,0.5,13.445929,7.253584,1.061239,2,1
ESP_026248_2280,0.377018884,-1.159811543,62.44550112,8.400526436,0.111111111,8.03,2.07,1.07,9,1
ESP_026418_2010,1,0,43.12394319,4.042311192,1,3.451115,2.070598,1.907162,4,4
ESP_026445_1835,0.816491159,-2.005365044,86.19093911,10.62581106,0.15,6.12,1.925,1.02,60,9
ESP_026589_2045,1,0,8.74733159,2.968681925,1,2.768078,2.2363675,1.704657,2,2
ESP_026802_2305,0.41709587,-1.797626792,56.11074739,4.280589867,0.5,3.218754,1.787447,1.147707,8,4
ESP_026893_1995,1,0,64.61545533,3.099415271,1,2.2498,2.124863,2.06399,3,3
ESP_026960_1710,1,0,61.85022476,6.297021184,0.25,6.1,2.08,1.34,4,1
ESP_027000_2325,0.268253933,-1.725445552,33.04596793,5.153506271,0.222222222,4.374559,1.633371,1.151188,9,2
ESP_027080_1715,0.272059707,-1.938170433,69.05848483,6.4734725,0.214285714,5.327166,1.7465705,1.314995,14,3
ESP_027316_1810,1,0,42.0092718,7.946831732,0.666666667,6.99,5.4,1.42,3,2
ESP_027975_1835,1,0,34.28832146,9.234589843,0.25,9.208971,1.355693,1.133717,4,1
ESP_028000_2070,0.405987289,-1.445044999,26.15955076,9.214979739,0.125,8.313419,1.682577,1.164213,16,2
ESP_028633_2070,0.556564759,-1.851340808,69.24650524,6.684668701,0.421052632,4.396351,2.024477,1.019384,19,8
ESP_028659_2050,0.361990176,-1.389673338,49.13556823,10.93703853,0.0625,10.16,2.12,1.13,16,1
ESP_028897_1730,0.097426832,-2.57282483,17.40935216,5.373746434,1,3.510028839,2.812155724,2.118818283,6,6
ESP_028979_1730,0.557028268,-2.269310366,76.09142763,6.524437018,0.692307692,4.105285645,2.469482422,1.355550766,13,9
ESP_029015_1705,0.345742878,-0.857687602,36.54458165,11.11501637,0.25,10.446878,2.130933,1.017967,8,2
ESP_029256_2195,0.361200311,-0.997456905,36.78191041,16.09559884,0.227272727,10.717731,2.020873,1.015171,22,5
ESP_029701_1935,0.387169904,-0.897168034,22.75244391,17.77149374,0.285714286,16.445448,3.159367,2.287785,7,2
ESP_029821_1880,0.206268788,-1.612748218,11.65569872,4.333099952,0.555555556,3.06023407,1.812667847,1.04873085,9,5
ESP_030243_1985,0.681094907,-1.913472948,59.6409768,7.265493634,0.631578947,4.04705,2.255751,1.201672,19,12
ESP_030929_1715,0.568408517,-1.634045781,11.50222245,6.795384037,0.066666667,6.413168,1.442036,1.042698,15,1
ESP_031101_1685,0.436595268,-2.061483667,23.6055181,2.953442033,0.375,2.27319,1.04366,1.005859,8,3
ESP_031248_1700,0.291872417,-1.51256675,17.01371378,12.30200604,0.2,11.21489334,4.919923782,4.058572769,5,1
ESP_031886_1785,0.530125654,-1.455809381,71.80410417,5.296442599,0.307692308,3.65416,1.234491,1.010609,13,4
ESP_031912_1900,1,0,6.2555611,3.656963355,1,2.547028,2.32119,1.915035,4,4
ESP_031969_1870,0.616402496,-1.236217724,43.87750726,5.061658648,0.333333333,3.876425,1.6685095,1.203678,6,2
ESP_032039_1705,0.175124383,-1.166102704,80.25316862,10.6052407,0.416666667,7.93758,3.690561,1.107594,12,5
ESP_032053_2010,1,0,51.29490095,3.342364771,1,2.896866,2.6249705,2.353075,2,2
ESP_032340_1060,1,0,29.01166275,9.415916996,0.25,9.000570297,3.667170525,1.77671814,4,1
ESP_032391_2080,0.488605465,-2.002849543,161.2184702,14.27000751,0.061403509,8.68721,1.6947535,1.011297,114,7
ESP_032458_1780,0.469684111,-1.537822019,20.78224344,5.515699204,0.444444444,4.383329,2.14389,1.115515,9,4
ESP_032479_2090,0.531163827,-1.40813079,89.06997063,15.25912191,0.34375,9.318452835,3.562620163,1.016494751,32,11
ESP_032577_1920,0.3236471,-1.149043368,17.54611121,5.816376235,0.5,4.763699,2.2260715,1.140814,8,4
ESP_033078_1955,0.44613948,-2.31592296,89.00391875,7.953725995,0.236363636,4.19175,1.428915,1.035843,55,13
ESP_033091_1885,0.465233207,-1.155289675,45.20036311,8.900479391,0.111111111,8.517136,1.631908,1.221527,9,1
ESP_033093_1605,1,0,96.36679106,9.768234727,1,8.573088,7.6410045,6.708921,2,2
ESP_033144_1895,0.410288407,-1.302239473,63.93857053,6.017716557,0.538461538,3.693338,2.5075,1.003576,13,7
ESP_033236_1995,0.249372117,-2.163041602,98.55611317,4.031339062,0.833333333,3.138872,1.8410825,1.339714,6,5
ESP_033302_2030,0.11628189,-0.91760673,100.9433251,6.66521615,0.2,6.365841,1.597948,1.280952,5,1
ESP_033316_1805,0.327754226,-1.848286206,99.90891295,9.239811558,0.105263158,7.049414,1.674632,1.024687,38,4
ESP_033319_2015,1,0,41.87264221,4.545353265,1,3.707233429,3.604737282,3.502241135,2,2
ESP_033328_2030,0.806867778,-2.208703986,80.8464305,9.236817051,0.384615385,4.066813,1.641291,1.015196,65,25
ESP_033381_1830,0.232946057,-0.806633009,172.1861479,14.8370959,0.1,14.368856,1.39868,1.065872,10,1
ESP_033494_1900,0.335557429,-1.884126847,122.0202079,3.478160856,1,2.01,1.29,1.01,11,11
ESP_033526_1840,0.624027778,-1.671656311,64.82783517,9.715242422,0.105263158,6.903679,1.4631865,1.003767,38,4
ESP_033705_1900,0.190141938,-3.828524647,87.0805277,2.584802614,1,1.78,1.385,1.12,6,6
ESP_033764_2020,0.61963287,-2.305563102,68.92599378,4.831712247,0.6,3.22,1.82,1.35,10,6
ESP_033776_1780,0.559289921,-1.409399247,73.29526875,4.957371041,0.333333333,4.25,1.66,1.01,9,3
ESP_033804_2065,0.438477655,-1.70079292,66.5367173,7.319395728,0.363636364,5.02,2.08,1.82,11,4
ESP_033829_2035,0.201211471,-1.386279939,30.40319734,5.702584477,0.333333333,4.7,1.99,0.982,9,3
ESP_033843_1955,1,0,69.68516829,4.206523046,1,3.57,3.32,3.07,2,2
ESP_033923_2190,0.457855195,-1.798842991,58.72557412,4.693371227,0.3,3.813389,1.56197,1.033344,10,3
ESP_033949_1850,0.72835635,-1.568716967,36.315531,14.69017267,0.1,11.4,2.295,1.4,30,3
ESP_033976_2255,1,0,119.4807072,3.932622244,0.666666667,3.110403,3.070408,1.212402,3,2
ESP_033990_1995,0.608415179,-2.475524497,123.1112707,4.06484189,0.833333333,2.38,1.68,1.01,12,10
ESP_034001_2045,0.67924244,-1.806025742,133.7897107,12.65874967,0.090909091,8.42,1.9,1.05,55,5
ESP_034003_1705,0.169379262,-0.975131636,149.4362481,11.23576767,0.153846154,9.72,1.57,1.01,13,2
ESP_034014_1840,0.621344044,-2.221897245,28.80750533,5.827450102,0.466666667,4.04,2.01,1.23,15,7
ESP_034022_2090,0.331890425,-3.115553167,281.8999853,2.999368032,1,2.05407,1.4821865,1.031097,8,8
ESP_034186_2340,0.592767882,-1.811095271,45.21461506,6.739391184,0.769230769,4.212402,2.439196,1.115635,13,10
ESP_034238_2025,0.587638006,-2.241597716,77.01245554,5.541571693,0.714285714,4.236389,2.245354,1.935947,7,5
ESP_034259_2040,0.028812505,-3.276499305,1087.233958,2.53532043,1,1.88702,1.2726415,1.063118,6,6
ESP_034265_1845,0.280014221,-0.872212347,68.75882584,9.568075444,0.333333333,8.594965,2.5916395,1.188761,6,2
ESP_034273_2070,0.091396577,-1.464501566,8.16402045,4.196797111,0.666666667,3.278561,2.203544,1.014412,6,4
ESP_034280_1885,1,0,70.97242907,3.697240272,0.333333333,3.530485,1.764559,1.013283,3,1
ESP_034319_1625,0.2633534,-3.262446071,12.93642226,2.560891882,1,1.927914,1.2451375,1.110441,6,6
ESP_034334_2270,1,0,25.44493041,3.431615721,0.75,2.815945,1.9974735,1.076017,4,3
ESP_034343_1765,1,0,26.28753652,3.83989496,0.333333333,3.652193,1.722189,1.408743,3,1
ESP_034344_2040,0.507965802,-1.64786725,14.06463187,5.593210814,0.444444444,4.347261,2.125023,1.057102,9,4
ESP_034357_2050,1,0,5.029647089,4.620196568,0.5,4.469551,3.2876025,2.105654,2,1
ESP_034384_1930,0.242069422,-1.539576121,60.05694503,6.714218068,0.384615385,5.323284,1.842686,1.067999,13,5
ESP_034397_1755,0.315296816,-1.086450307,62.89195195,14.72584651,0.117647059,12.534822,2.769611,1.032759,17,2
ESP_034483_1935,0.472113012,-1.116249944,70.67443169,6.388021412,0.333333333,5.66572,2.3387015,1.066809,6,2
ESP_034595_2315,0.076835576,-1.598901515,13.92777981,6.101374635,0.375,4.544538,2.148305,1.450764,8,3
ESP_034778_2010,1,0,8.139903162,3.936490105,1,3.079298,3.032036,1.577724,3,3
ESP_034859_1780,0.678109607,-1.679467978,82.11047996,11.45724632,0.24,7.481651,3.016724,1.171581,25,6
ESP_034886_1670,0.342972897,-1.570559179,35.84506282,5.163030992,0.666666667,4.246809,2.442053,1.481146,6,4
ESP_034897_2080,0.462861482,-1.974732596,63.10762806,8.22004086,0.071428571,6.971596,1.6437785,1.034971,28,2
ESP_034923_2060,0.491095646,-1.553904542,62.68316028,7.454741872,0.066666667,6.95314,1.478453,1.006336,15,1
ESP_035003_1960,0.562809642,-1.298852415,259.2235183,19.63759243,0.064516129,16.757719,2.068462,1.065224,31,2
ESP_035152_2035,0.078032694,-1.111290217,355.7894135,9.211218814,0.2,7.783953,1.7251665,1.213848,10,2
ESP_035214_1985,0.363657208,-2.005199386,34.20619905,4.447719844,0.181818182,3.683651,1.391548,1.069654,11,2
ESP_035254_2020,0.830627925,-2.65562317,65.42418928,11.06124487,0.14084507,5.05615,1.6752995,1.019215,142,20
ESP_035345_1740,0.557553778,-3.574767588,52.68566787,3.277586295,1,1.841398,1.6733825,1.18919,8,8
ESP_035426_1785,0.619787245,-1.854182549,60.62968876,8.941109255,0.277777778,6.371593,2.3569135,1.404655,18,5
ESP_035437_1800,0.504819195,-1.361050304,89.11876926,6.06475012,0.5,5.087184906,2.526909828,1.083904266,8,4
ESP_035438_2075,1,0,57.3260196,3.334429248,0.5,3.275011,2.2618305,1.24865,2,1
ESP_035460_1965,0.259316301,-2.106715112,22.57572147,3.358295796,0.625,2.443132,1.44462,1.010277,8,5
ESP_035538_1950,0.634098905,-2.741117544,159.5200439,5.92321779,0.545454545,3.114218,1.614473,1.01293,33,18
ESP_035552_1960,0.28257973,-2.466639325,38.51478671,3.740666543,0.583333333,2.48,1.32,1.03,12,7
ESP_035623_1905,0.549279014,-1.616457138,13.3873917,5.850562069,0.1,5.293653,1.9226455,1.116316,10,1
ESP_035682_1745,1,0,126.9589939,10.04246971,0.25,9.95,2.15,1.54,4,1
ESP_035780_1765,0.375758727,-1.571443749,81.42336586,8.538562553,0.1,7.3,1.53,1.01,20,2
ESP_035824_1810,0.266108267,-2.545898264,508.3484507,3.749235898,0.909090909,2.05,1.59,1.02,11,10
ESP_036059_1835,0.617115794,-1.695068115,327.5341197,48.70463257,0.006849315,42.855661,2.66578,1.042837,292,2
ESP_036075_1990,1,0,74.67381894,4.72829104,0.5,3.796079636,2.521085739,1.351898193,4,2
ESP_036178_2215,1,0,25.29606147,2.972803247,0.25,2.752577,1.249646,1.137949,4,1
ESP_036243_2250,0.522176475,-1.842340143,127.6748037,5.190836425,0.363636364,3.9,1.78,1.18,11,4
ESP_036269_2360,1,0,97.16099704,2.398001624,1,1.745758,1.536171,1.067945,4,4
ESP_036308_1840,0.292546379,-1.301967314,84.31882424,4.224874044,0.166666667,3.936565,1.3070475,1.001801,6,1
ESP_036317_1915,0.54509536,-1.831514178,32.89503062,10.62245288,0.097560976,8.246115,1.661072,1.023762,41,4
ESP_036343_2080,0.282686088,-2.304696381,119.2549792,5.345317101,0.473684211,3.23,1.54,1,19,9
ESP_036352_2005,1,0,11.95561692,5.271309985,1,4.712673,4.091687,3.470701,2,2
ESP_036360_2145,0.231535362,-0.928133739,48.43343634,15.07782075,0.25,12.560036,2.170307,1.204243,12,3
ESP_036388_2095,0.721051523,-1.932229862,52.44396688,8.191105312,0.25,4.7,1.625,1,40,10
ESP_036426_2105,0.581938712,-2.007829904,59.85092527,4.875534889,0.333333333,3.59,1.585,1.03,12,4
ESP_036443_2270,1,0,11.95561692,5.271309985,1,4.712673,4.091687,3.470701,2,2
ESP_036467_2375,1,0,189.2170133,2.463667703,1,1.906895,1.765068,1.360939,3,3
ESP_036703_2030,0.47469035,-2.969725444,159.3005212,4.942875224,0.111111111,3.55,1.25,1.02,27,3
ESP_036712_1890,0.65240118,-2.271675217,26.92644225,4.796498126,0.714285714,3.41,2.44,1.57,7,5
ESP_036771_1605,0.515771768,-1.499930752,17.17261102,6.747702646,0.25,5.360474,1.8380025,1.032522,12,3
ESP_036892_2100,0.452361742,-1.738689722,29.96853878,9.973408013,0.166666667,7.44,1.805,1.07,30,5
ESP_037069_2375,0.10401215,-4.439429127,186.7760284,2.46691076,1,1.735807,1.385452,1.184183,5,5
ESP_037086_2440,1,0,155.1205891,3.06425306,1,2.71,2.39,2.07,2,2
ESP_037187_1890,0.368443407,-3.652668541,62.8693635,3.410418962,1,1.9,1.415,1.08,12,12
ESP_037239_1820,0.686993344,-1.297999515,79.74156168,19.55284782,0.2,13.85,3.64,1.63,20,4
ESP_037336_2300,1,0,112.0842324,4.214684559,1,3.233231,2.796801,2.677336,3,3
ESP_037341_1935,1,0,65.10717936,2.376029736,0.5,2.29,1.705,1.12,2,1
ESP_037522_1845,1,0,27.30617552,3.93956047,0.25,3.726542,1.566644,1.060469,4,1
ESP_037679_2010,0.611583187,-2.04085843,17.97203504,7.309239411,0.096774194,5.25,1.45,1.01,31,3
ESP_037697_2030,1,0,16.8166663,3.913985276,0.25,3.602901,1.6825725,1.533716,4,1
ESP_037706_1765,0.303575102,-1.047869203,27.18622808,11.36757717,0.222222222,9.79,3.06,1.29,9,2
ESP_037878_1970,0.237641975,-1.509410877,110.8113026,5.984916149,0.363636364,4.366573,1.860273,1.010672,11,4
ESP_037946_1960,0.222725769,-2.697068259,17.07769722,3.101310303,1,1.91,1.25,1.03,9,9
ESP_038057_1770,0.761962453,-2.445095676,82.98588983,6.017109084,0.071428571,4.66,1.455,1.02,28,2
ESP_038216_1765,0.51026215,-0.898159238,63.96202226,12.36795618,0.5,9.332759857,4.470769882,1.164463043,8,4
ESP_038258_1930,0.413786757,-1.375106875,41.62929391,4.193639598,0.75,2.9,1.785,1.08,8,6
ESP_038396_2000,1,0,35.95411824,5.419264741,1,4.66,4.265,3.87,2,2
ESP_038458_2030,0.769914861,-1.819652394,55.79464307,16.06608111,0.045112782,10.17,1.74,1.01,133,6
ESP_039104_2050,0.373253441,-1.170720755,77.65114704,7.773998487,0.333333333,6.733455658,1.768501282,1.152957916,9,3
ESP_039197_1925,1,0,34.25699705,5.105009358,1,4.884655,3.7151125,2.54557,2,2
ESP_039276_1885,0.58213717,-1.40651615,70.63558636,6.417306675,0.545454545,4.397905,2.428476,1.031317,11,6
ESP_039329_1830,0.4098159,-1.783640142,34.21039611,8.968875722,0.162162162,5.719307,1.704987,1.016605,37,6
ESP_039521_1790,1,0,1914.792138,1.914436327,1,1.516836,1.230049,1.18536,3,3
ESP_039574_1995,0.610769008,-2.499724348,130.3974381,5.331010596,0.695652174,2.734934,1.672506,1.058178,23,16
ESP_039861_1225,1,0,119.7568783,5.097847107,0.666666667,4.298437,3.590178,1.893383,3,2
ESP_039864_1905,0.75211525,-2.473162451,68.72651694,12.25673402,0.117647059,5.705996,1.704688,1.000349,170,20
ESP_041141_1755,1,0,203.7684323,9.588859579,0.666666667,8.938043594,5.375236511,2.308591843,3,2
ESP_041208_1755,0.208497583,-3.059123633,6.384358031,3.321238835,1,2.215231,2.039307,1.506977,5,5
ESP_041875_1690,0.478776769,-1.270871193,11.97599212,4.752914852,0.4,4.306852,1.909262,1.243204,5,2
ESP_041886_2015,0.769241268,-1.683563326,32.4217069,12.36048855,0.027027027,10.947746,1.677872,1.071119,37,1
ESP_041913_1910,0.5543712,-1.405219515,32.59773121,7.189177693,0.2,5.464779,1.719355,1.006514,15,3
ESP_041925_1935,0.465225244,-2.01580207,60.75222533,5.270383934,0.818181818,2.992887,2.399017,1.172451,11,9
ESP_041952_1985,0.61948456,-2.001098549,35.43652826,7.588793037,0.212121212,5.084995,1.533298,1.046871,33,7
ESP_042103_2175,1,0,11.85449535,6.178483904,0.75,5.515468597,3.20470047,1.29948616,4,3
ESP_043130_2150,0.607900482,-1.509996272,120.6449277,6.384825516,0.166666667,5.662361,1.574057,1.059959,12,2
ESP_043134_1800,1,0,61.27508019,3.186214672,0.5,3.122457504,2.180855751,1.239253998,2,1
ESP_043173_2145,1,0,29.9256751,3.727742257,1,3.052351,2.9555435,2.858736,2,2
ESP_043310_2065,1,0,250.9848683,3.905891149,0.25,3.669946671,1.634910583,1.1218853,4,1
ESP_043605_1845,0.697051649,-1.832643492,93.93827578,5.502226753,0.583333333,3.803734,2.2547635,1.177736,12,7
ESP_044655_1730,0.196573616,-1.005311032,111.5833133,11.0800662,0.272727273,9.297703,2.647108,1.035744,11,3
ESP_044696_2145,0.455022533,-2.139478866,84.36300022,7.219098941,0.484848485,3.507236,1.651606,1.070494,33,16
ESP_044730_2025,0.573408983,-1.930423298,95.9432441,8.262435343,0.071428571,6.538467,1.716133,1.020445,28,2
ESP_045020_1935,0.628943313,-1.214538069,51.37925295,12.84963914,0.0625,12.702757,1.3979405,1.034939,16,1
ESP_045103_1810,0.264749963,-1.109065094,71.72915877,12.88615894,0.076923077,12.152786,2.850777,1.011574,13,1
ESP_045236_1865,0.290218086,-1.192230051,34.76997711,6.385877089,0.125,6.171959,1.5813465,1.165817,8,1
ESP_045270_1950,0.383291033,-0.743627427,39.17844629,23.94238974,0.25,22.455845,4.091791,1.800703,8,2
ESP_045271_1930,0.749837754,-2.937348598,159.9164854,5.995297815,0.697674419,2.450712,1.570429,1.016203,43,30
ESP_045447_2085,1,0,60.09473311,4.320234965,0.5,4.155634,3.1128215,2.070009,2,1
ESP_045473_2080,0.348419035,-2.514863771,51.51696279,8.140311553,0.152542373,4.530571,1.524733,1.001778,59,9
ESP_045596_2005,1,0,65.36896721,5.286675935,0.666666667,4.686817,3.451696,1.544025,3,2
ESP_045754_2260,0.424196533,-1.505998771,55.19107279,9.934127345,0.153846154,6.815622,1.812525,1.016943,26,4
ESP_045771_1940,1,0,45.33905456,2.11074798,1,1.969623566,1.588828087,1.208032608,2,2
ESP_045772_1890,0.147636702,-1.70506711,51.54723903,3.366030952,0.6,2.791988,1.731041,1.069548,5,3
ESP_045798_1965,1,0,160.1364654,3.260588265,1,2.466773987,2.394083023,1.810277939,3,3
ESP_045823_2390,1,0,91.72169069,3.406474624,1,2.582245,2.0017795,1.454702,4,4
ESP_045857_1675,0.649466366,-2.314535795,58.84108915,8.783501628,0.098039216,5.648836,1.787537,1.024948,51,5
ESP_045956_1855,0.282067783,-1.202934721,106.2892875,5.00328238,0.333333333,4.435680389,1.841467857,1.040096283,6,2
ESP_045982_1860,0.095822505,-2.107782929,82.58901846,3.192865527,1,2.297234,1.985394,1.22069,5,5
ESP_046040_2085,1,0,139.8350524,6.53630585,0.666666667,5.915007,4.099848,1.502073,3,2
ESP_046096_1915,0.611555416,-1.918002356,50.06684312,4.573481912,0.25,3.823812,1.790426,1.233917,8,2
ESP_046160_2275,0.430422578,-2.093772733,56.06116582,6.023718397,0.466666667,4.30913,2.117495,1.205189,15,7
ESP_046199_1900,1,0,49.5103908,13.78307961,0.5,13.03218842,4.640538216,1.381048203,4,2
ESP_046215_1815,0.437698256,-1.563459139,108.8737786,3.339907576,0.8,2.563635,1.487827,1.045599,5,4
ESP_046378_1930,1,0,75.88948944,3.383593406,1,2.908464,2.6631525,2.417841,2,2
ESP_046444_1865,1,0,7.475886049,2.430810994,0.666666667,2.078348,1.623184,1.035133,3,2
ESP_046463_2160,0.459441707,-2.493269863,144.0462056,17.63995647,0.03058104,9.14,1.67,0.993,327,10
ESP_046479_2055,0.235085953,-1.151262628,21.60277412,10.08035066,0.375,8.13253,2.5651895,1.842623,8,3
ESP_046489_1935,0.013745942,-1.183677706,1480.433851,21.74323397,0.095238095,18.875071,3.366798,1.397276,21,2
ESP_046549_1790,0.216709614,-1.037202417,157.8539911,9.489262842,0.272727273,8.449558,1.651134,1.025402,11,3
ESP_046608_1730,1,0,36.66161133,4.053056401,0.5,3.750931,1.673047,1.026556,4,2
ESP_046661_2115,1,0,17.99743675,3.71735281,0.25,3.614427567,1.157283783,1.01616478,4,1
ESP_046806_2070,1,0,241.9598963,4.546971926,1,4.285196304,3.384405136,2.483613968,2,2
ESP_046850_1415,1,0,190.3418082,13.42729733,0.333333333,12.99079895,6.082666397,1.510824203,3,1
ESP_046866_1760,0.436799173,-3.111759592,42.87228393,3.501839437,0.5,2.441011,1.2203285,1.018461,14,7
ESP_046870_1485,0.168926186,-0.90766309,543.738376,30.20301258,0.117647059,27.15630341,3.702066422,1.509960175,17,2
ESP_046871_2005,0.617094857,-1.726124756,57.955216,5.508604632,0.6,4.882576,2.445932,2.098383,5,3
ESP_046880_2015,0.739691571,-3.045587304,57.98209277,5.167195612,0.032258065,4.119551,1.262758,1.021147,31,1
ESP_046918_1885,0.322355683,-1.111315222,14.47714152,10.05871254,0.428571429,8.13253,2.892754,1.842623,7,3
ESP_046977_1910,0.40310723,-1.160294259,145.4844568,4.944288495,0.6,4.296467,2.61026,1.247622,5,3
ESP_047030_1955,0.660827871,-2.722525892,84.23636379,7.986398439,0.193548387,4.260801,1.568837,1.000715,62,12
ESP_047130_1770,1,0,96.92857273,3.042462519,0.666666667,2.810551,1.655512,1.125151,3,2
ESP_047175_1955,0.688796995,-2.759722733,100.8832427,7.943485443,0.191176471,4.19,1.59,1,68,13
ESP_047196_2085,1,0,76.37881629,3.198576257,1,2.427568436,2.019128799,1.215400696,4,4
ESP_047209_2135,0.563974831,-1.556760343,86.25256635,12.2303459,0.088235294,8.608664,1.76046,1.007277,34,3
ESP_047214_2035,0.732766069,-1.828737786,36.04412276,8.134913501,0.172413793,6.06049,1.674082,1.009596,29,5
ESP_047241_1840,0.18096414,-1.829357806,28.16116043,3.146991116,0.6,2.631548,1.639153,1.113674,5,3
ESP_047301_1770,1,0,119.7225038,1.404072121,1,1.196939,1.107184,1.017429,2,2
ESP_047307_1745,0.358325276,-1.361740427,52.81580126,7.322573611,0.142857143,6.377287,1.44489,1.029877,14,2
ESP_047327_2135,1,0,107.3626364,3.759121274,1,2.711836,2.46972,1.376432,4,4
ESP_047379_2055,0.535803395,-1.314376956,89.87923878,6.234925129,0.428571429,5.60577,1.772491,1.263756,7,3
ESP_047384_2005,0.518060474,-1.45430183,62.45682138,7.95150703,0.166666667,6.386583,1.4846505,1.01222,18,3
ESP_047386_1895,0.48804164,-1.699765472,46.86377748,5.478566877,0.153846154,4.76,1.31,1.08,13,2
ESP_047399_2135,0.253246361,-1.164797926,104.1260927,6.613478255,0.142857143,6.323515,2.034143,1.30628,7,1
ESP_047443_1910,0.659072044,-1.503006042,70.8813777,9.487742685,0.214285714,8.1,2.43,1.24,14,3
ESP_047477_2055,0.610189712,-2.658568744,86.10891955,3.877425733,0.769230769,2.38,1.47,1.01,13,10
ESP_047530_2080,0.613258076,-1.478565945,35.35169116,9.08011799,0.15,6.75,1.755,1.04,20,3
ESP_047538_1900,0.441524239,-1.392146565,120.0544625,5.40428858,0.2,4.62,1.375,1,10,2
ESP_047622_2005,0.574202631,-1.73072479,141.561918,5.561913203,0.333333333,4.38,1.76,1.06,12,4
ESP_047636_1720,0.323849403,-0.960912688,105.6536658,6.144537395,0.285714286,5.6357,1.225296,1.01902,7,2
ESP_047643_2050,0.296173713,-1.453984452,104.5439129,6.259263155,0.333333333,4.95,1.855,0.954,12,4
ESP_047650_1935,0.246054353,-1.735302862,25.6524512,5.470633575,0.357142857,3.94,1.47,1.04,14,5
ESP_047768_1995,0.583435499,-1.658574745,88.27987316,7.422447006,0.333333333,5.111931,2.196058,1.006233,15,5
ESP_047789_1890,0.27261967,-2.331834771,99.18489095,9.002762974,0.074074074,6.088398,1.663026,1.014774,54,4
ESP_047798_2000,0.387451832,-2.095623179,15.76087265,4.759373283,0.666666667,2.943941,2.11287,1.119017,12,8
ESP_047861_1995,0.592274142,-1.568923453,34.21148467,7.297945846,0.25,5.096951,1.6726285,0.999636,20,5
ESP_047900_1990,1,0,62.55439409,5.589479216,0.5,4.491928,3.094345,1.643185,4,2
ESP_047921_1780,0.577242822,-1.647769532,137.1654699,4.373703433,0.333333333,3.610958,1.26655,1.042479,9,3
ESP_048101_1920,0.588483173,-1.204227512,129.6495839,6.309273777,0.375,4.958458,1.937783,1.206217,8,3
ESP_048123_1750,1,0,316.8190594,3.067798813,0.5,3.014135,2.077997,1.141859,2,1
ESP_048149_1810,0.364265357,-1.618122898,35.58432181,6.60250663,0.083333333,6.113144,1.719282,1.064764,12,1
ESP_048176_1865,0.406114433,-0.504951255,50.83688726,21.02551085,0.333333333,17.08847,2.1619375,1.341078,6,2
ESP_048203_1805,1,0,8.048360104,11.48973307,0.333333333,11.468916,1.840055,1.259804,3,1
ESP_048431_2040,0.30883336,-1.50190444,85.46483254,5.681412442,0.307692308,3.832464,1.455122,1.07443,13,4
ESP_048456_1640,0.421731317,-1.120361663,112.1876596,17.16260785,0.0625,16.883707,2.168026,1.042477,16,1
ESP_048466_1830,0.462152686,-1.46013729,12.25416361,7.511544157,0.125,5.873878,1.6589975,1.007246,16,2
ESP_048514_1885,0.561734887,-2.230640593,211.116344,8.232587307,0.462962963,3.712786,1.7334575,1.002546,54,25
ESP_048572_2035,1,0,35.57810828,6.63431828,0.25,6.533943,1.71646,1.045752,4,1
ESP_048636_1870,0.705674045,-1.886764869,33.10897842,6.345500483,0.5,4.109575272,2.048261642,1.339113235,12,6
ESP_048686_1785,0.495118215,-2.303034454,18.57906207,3.73525027,0.5,3.053425,1.5056925,1.146963,8,4
ESP_048703_1750,0.388287725,-1.206587807,43.39565502,7.091728842,0.375,6.052078,2.2574485,1.096472,8,3
ESP_048743_1745,1,0,32.07710138,4.700337534,0.666666667,4.328016,2.785442,1.051563,3,2
ESP_048773_1670,0.640295571,-1.336232421,42.26585754,9.830964804,0.545454545,6.433383942,3.441127777,1.662462235,11,6
ESP_048817_1880,0.603081918,-2.276856439,73.37292701,5.384376825,0.32,3.21,1.3,0.999,25,8
ESP_048883_1905,0.300498468,-1.685652059,378.7900668,6.652348787,0.125,5.63286,1.5722275,1.030165,16,2
ESP_049033_1865,0.57247519,-1.928002252,34.84277786,6.943839407,0.458333333,4.11,1.955,1.02,24,11
ESP_049061_1370,0.710884267,-2.479621569,337.5622862,6.382791965,0.060606061,5.1,1.31,1.02,33,2
ESP_049100_1740,0.424445778,-1.428868881,6.085686617,5.549191914,0.333333333,4.167694,1.652939,1.136036,9,3
ESP_049175_1490,0.441771221,-1.524779436,104.9412746,12.06604015,0.12,8.57,2.41,1.11,25,3
ESP_049245_1855,0.557515436,-1.077443052,30.77778828,9.518087642,0.230769231,6.898308,2.920275,1.013548,13,3
ESP_049310_1755,0.664447459,-2.425725949,62.45886915,4.361427336,0.666666667,2.606392,1.448067,1.016697,15,10
ESP_049349_1735,1,0,7.346510936,3.096879638,1,2.598753,2.4488535,2.298954,2,2
ESP_049377_1985,0.156315189,-2.360670038,22.76620408,4.573210048,0.75,2.897455,1.909568,1.158712,12,9
ESP_049403_1900,0.474423814,-1.824786401,28.00639132,9.416002434,0.142857143,6.703114,2.002865,1.034863,35,5
ESP_049543_2085,0.562178188,-2.078891418,36.04317133,8.130148684,0.305555556,4.800951,1.8831525,0.999641,36,11
ESP_049574_2030,1,0,87.64214755,2.278191839,1,2.049746,1.7626185,1.475491,2,2
ESP_049600_1815,0.317357515,-2.178578837,43.56817287,7.041704914,0.352941176,4.023043,1.516363,1.022652,34,12
ESP_049640_1715,0.449091995,-1.596450126,53.94261599,9.22038044,0.407407407,5.261448,1.941975,1.069136,27,11
ESP_049661_1510,0.212344908,-1.014925802,73.11303554,5.870345917,0.4,5.170328,2.400309,1.207064,5,2
ESP_049740_1800,0.225557823,-1.300698695,28.26714424,7.376889827,0.25,5.79727,1.747915,1.129581,12,3
ESP_049806_1990,0.377630907,-2.027379385,6.408920762,3.311218432,0.666666667,2.631844,1.401535,1.146807,6,4
ESP_049891_1985,0.140412282,-1.17557855,43.04186352,5.891630716,0.285714286,5.255348,1.68297,1.151529,7,2
ESP_049917_1760,1,0,315.7910766,5.189731677,0.5,5.069479,3.5934355,2.117392,2,1
ESP_049958_1700,1,0,43.64917402,3.652971428,1,2.951797485,2.898381233,2.844964981,2,2
ESP_049965_1835,1,0,64.55492971,2.829482861,0.666666667,2.276815,2.136496,1.03157,3,2
ESP_050043_1880,1,0,120.3762156,3.838886258,1,3.686295,2.7753955,1.864496,2,2
ESP_050129_2055,0.621773835,-1.969141324,90.50463142,8.552992776,0.130434783,6.95,1.76,1.17,23,3
ESP_050141_1765,1,0,50.97122183,4.105863986,1,2.771053314,2.767500877,1.77007103,4,4
ESP_050154_1750,0.4332279,-1.723406479,42.76703682,8.115038855,0.136363636,5.71,2,1.08,22,3
ESP_050202_2110,1,0,40.00022993,3.143818599,1,2.52,2.495,2.47,2,2
ESP_050228_2100,0.500760459,-2.889357334,62.57559354,4.810515056,0.636363636,2.64,1.51,1.06,22,14
ESP_050239_1275,0.517257525,-2.321343212,34.92793639,6.140593935,0.538461538,3.867903,2.077135,1.463001,13,7
ESP_050246_2055,0.504176166,-1.757211062,24.12148115,6.663726763,0.409090909,4.14,1.805,1,22,9
ESP_050325_2085,1,0,46.81383004,3.693199164,0.25,3.477384567,1.482327461,1.216064453,4,1
ESP_050326_2010,0.231353386,-1.714454884,261.8298099,6.602015967,0.2,5.160770416,1.916334152,1.060819626,15,3
ESP_050431_1800,1,0,11.01450394,2.679856474,0.333333333,2.569977,1.078442,1.005745,3,1
ESP_050501_1965,0.595245453,-2.077870174,91.51718027,5.915204893,0.15,4.614365,1.3840475,1.030323,20,3
ESP_050505_1915,0.439389254,-2.991669746,53.85476986,3.048903615,1,1.791761,1.48904,1.023443,9,9
ESP_050524_1920,1,0,9.755764035,2.744794218,1,2.594597,2.0350505,1.475504,2,2
ESP_050571_2090,0.172798661,-1.386457684,105.0547634,3.935701657,0.5,3.462498,1.521412,1.004118,6,3
ESP_050589_1830,0.271080757,-1.102412578,134.1767139,6.069360115,0.333333333,5.370826721,2.204077721,1.090528488,6,2
ESP_050628_2105,0.641832438,-1.340338163,18.51298043,7.754258941,0.454545455,5.773094,2.861574,1.081427,11,5
ESP_050655_1810,0.453948231,-1.441965442,75.08852029,4.26981005,0.2,3.930964,1.584942,1.458439,5,1
ESP_050668_1975,0.449878239,-2.35756535,25.27292103,4.348936246,0.444444444,3.447746,1.596706,1.367516,9,4
ESP_050695_1925,0.258600512,-1.429357695,43.03232392,7.385554245,0.2,6.64,1.89,1.24,10,2
ESP_050708_2025,0.306404053,-1.551631493,10.79562797,5.100740018,0.625,3.9,2.175,1.05,8,5
ESP_050734_1805,0.274077724,-1.027010676,40.0777291,7.389089168,0.222222222,6.42,1.52,1.02,9,2
ESP_050814_1880,1,0,81.6826047,6.356274971,0.666666667,5.949795,3.551571,1.115026,3,2
ESP_050880_1945,0.449885952,-1.263340596,78.11096514,10.11102657,0.214285714,8.52970314,2.347290039,1.273561478,14,3
ESP_050958_2070,0.096436305,-1.694023977,399.8348887,3.93683565,0.5,3.28,1.76,1.08,6,3
ESP_051037_2085,0.385827143,-2.275074124,62.10545663,4.33611281,0.230769231,3.49,1.37,1.02,13,3
ESP_051070_1285,1,0,372.4772506,3.911221615,1,3.572565079,2.99806118,2.423557281,2,2
ESP_051209_2045,0.329008409,-1.247190077,14.47547897,8.436010591,0.384615385,5.82,2.03,1.08,13,5
ESP_051236_2135,1,0,39.80597953,3.11593342,0.75,2.692015,1.609163,1.298004,4,3
ESP_051344_1735,0.467728014,-1.950177116,53.0285166,4.802912339,0.357142857,3.09,1.405,1.04,14,5
ESP_051354_2030,0.370839508,-1.238322723,57.39248421,7.810693442,0.307692308,6.29,1.53,1.01,13,4
ESP_051357_1880,0.654688055,-1.878702294,111.0083652,29.59919271,0.038216561,16.5,3.18,1.08,157,6
ESP_051362_1960,1,0,35.41239765,1.802539065,1,1.685778,1.353654,1.02153,2,2
ESP_051370_1655,0.396059989,-3.074624245,47.51581873,4.580968081,1,3.39163,2.3429205,1.9065,6,6
ESP_051395_1670,1,0,102.9228088,3.899008884,0.666666667,3.668180466,1.839195251,1.545993805,3,2
ESP_051412_1675,0.593844356,-1.398431204,11.72676405,8.489786658,0.3,6.5319767,2.283948898,1.551511765,10,3
ESP_051884_2015,1,0,43.64971777,3.424312504,1,3.101003647,2.639554977,2.178106308,2,2
ESP_051886_1715,1,0,49.49291971,3.587999027,1,3.143194,1.995783,1.929882,3,3
ESP_051897_1660,1,0,3.68019037,4.029136759,1,2.846291,2.668555,1.594761,4,4
ESP_051930_2080,0.582157752,-0.928622246,65.38651383,19.86474463,0.25,15.38334847,3.697385788,1.651620865,12,3
ESP_051948_1895,0.628321255,-1.727396324,131.6196734,32.49233052,0.007782101,26.068792,2.30994,1.00276,257,2
ESP_052002_1845,1,0,43.72244589,4.880946841,0.5,4.342897415,2.372472763,1.364328384,4,2
ESP_052048_1770,1,0,73.86861759,3.27466538,0.25,3.083485,1.306882,1.003983,4,1
ESP_052080_1920,0.300289083,-1.371154929,29.31417496,5.304774587,0.142857143,4.9,1.72,1.17,7,1
ESP_052228_1875,0.345396806,-0.972562985,86.55934403,9.607493296,0.166666667,9.14,2.895,1.43,6,1
ESP_052238_2005,1,0,138.6741856,2.696875398,1,2.28,2.13,1.98,2,2
ESP_052250_1755,0.527186414,-1.482737001,7.333424283,6.541240463,0.833333333,5.06,2.96,1.57,6,5
ESP_052253_1670,1,0,33.74256443,5.487665405,0.333333333,5.11,2.54,2.49,3,1
ESP_052278_1835,0.69168986,-1.442381376,92.24036133,6.852560366,0.307692308,5.1,2.28,1.07,13,4
ESP_052325_1920,1,0,13.64547811,3.946591494,0.333333333,3.7,1.78,1.73,3,1
ESP_052330_1770,0.564614435,-2.208031528,36.19376519,6.453326041,0.375,4.09,1.935,1.01,24,9
ESP_052441_2005,0.29752715,-1.648415165,117.0884035,7.296641684,0.142857143,6.6,2.54,2.18,7,1
ESP_052475_1850,0.535743823,-1.75308412,291.6012577,10.50102474,0.03125,9.59,1.545,1.03,32,1
ESP_052479_1980,0.538914867,-1.837791881,61.00332679,10.29434446,0.212121212,6.51,2.28,1.25,33,7
ESP_052752_2010,0.55661452,-1.678969091,99.35298014,5.630113479,0.333333333,4.44,1.97,1.2,9,3
ESP_052843_2195,0.461882796,-1.715006388,40.72590654,7.492667696,0.315789474,4.94,1.8,1.02,19,6
ESP_052866_1870,0.401953688,-2.760762696,448.4703118,6.828794671,0.333333333,3.79,1.67,1.14,39,13
ESP_052870_2090,0.417477359,-1.844927308,30.71385824,4.936962802,0.3,4.25,1.575,1.07,10,3
ESP_052914_1995,0.574815273,-2.679715579,46.96637203,4.444133835,0.5,3.14,1.575,1.07,14,7
ESP_052962_1745,1,0,303.7479286,3.550685953,0.666666667,3.293581,1.752584,1.540239,3,2
ESP_053003_1910,1,0,27.29352272,5.388624407,0.75,4.56,2.995,1.69,4,3
ESP_053006_1980,1,0,104.5156186,10.04364281,1,8.037448883,7.971092224,7.904735565,2,2
ESP_053028_1915,1,0,169.5437898,3.309322861,0.75,2.827389,1.8231675,1.117527,4,3
ESP_053083_2310,1,0,58.66374308,4.831307866,0.25,4.6,1.905,1.14,4,1
ESP_053338_2030,0.25082179,-2.090494034,180.4658432,3.498810922,0.857142857,2.598951,1.742027,1.016083,7,6
ESP_053372_2080,0.636719811,-1.763672888,77.74484481,10.65579142,0.375,7.390314,2.950612,1.743042,16,6
ESP_053500_2095,1,0,86.08700842,2.357221143,1,2.12958,1.291094,1.08798,3,3
ESP_053598_1770,0.470322605,-1.551796876,81.37974656,11.46634083,0.173913043,7.860357285,1.991031647,1.233406067,23,4
ESP_053631_1920,1,0,114.6815643,3.38084801,1,3.240116,2.4532735,1.666431,2,2
ESP_053774_1685,1,0,70.81781967,5.080572599,1,4.128763,4.030036,3.931309,2,2
ESP_053912_1940,0.358177105,-2.255896326,64.90819868,13.78546799,0.023809524,10.279652,1.449296,1.019028,126,3
ESP_054066_1920,0.323704302,-1.287971794,59.17692449,4.996887567,0.142857143,4.723131,1.55084,1.027504,7,1
ESP_054125_2215,0.262177808,-3.884789572,25.84338575,4.540385855,1,3.15237,2.184418,1.890362,7,7
ESP_055134_1865,0.377195471,-1.85104435,34.13102834,5.174677715,0.555555556,3.83,1.95,1.13,9,5
ESP_055286_2235,1,0,51.14148962,3.156685825,0.333333333,3.07,1.15,1,3,1
ESP_055287_2010,0.323056837,-1.515388203,69.60709468,4.37523625,0.666666667,3.35,1.92,1.15,6,4
ESP_055324_1930,0.305636907,-1.626648367,104.7995878,4.787101571,0.6,3.918606,2.091303,1.56695,5,3
ESP_055376_2095,0.42317514,-1.488122494,123.1079637,7.947200232,0.357142857,5.54,2.08,1.06,14,5
ESP_055383_2135,0.181191141,-1.61923069,321.7543674,4.157648044,0.444444444,3.11,1.3,1.01,9,4
ESP_055417_1935,0.473755447,-1.355422838,29.62093515,5.518394204,0.8,3.91,3.38,1.56,5,4
ESP_055420_1745,0.126498496,-1.114547288,21.25001411,23.95519617,0.285714286,20.6,8.32,3.78,7,2
ESP_055507_2070,1,0,2.788155435,5.31428204,0.5,4.176809,2.9576235,1.749472,4,2
ESP_055581_1985,0.361174,-2.99845218,354.5569458,8.192642175,0.186813187,3.99,1.44,1,91,17
ESP_055587_1830,0.323292939,-1.465753564,27.08211934,5.63692912,0.333333333,4.557854,1.517508,1.18844,9,3
ESP_056602_2080,0.479368949,-1.756349047,73.44361115,6.135926349,0.75,3.759153,2.283369,1.091749,12,9
ESP_056722_2000,0.61423102,-1.42628487,110.3919267,5.172668573,0.571428571,4.321621,2.161871,1.053658,7,4
ESP_056906_2160,1,0,6.681305432,4.123760425,0.333333333,3.956707,1.82856,1.274004,3,1
ESP_056931_2180,0.335161179,-1.936544016,87.21167889,8.049084888,0.307692308,5.06352,1.9916365,1.102421,26,8
ESP_056958_2075,1,0,43.84887486,6.168429827,0.5,5.141468,3.332576,1.708519,4,2
ESP_056988_1720,0.661701083,-3.415559106,69.15778394,4.260358634,0.857142857,2.602362,1.7087735,1.14279,14,12
ESP_057034_2020,0.421272715,-1.030503775,58.39065826,6.061248477,0.166666667,5.9,1.415,1.2,6,1
ESP_057118_1615,1,0,4.722799862,5.216683662,0.666666667,4.411379,3.805618,1.001129,3,2
ESP_057218_1935,0.56819392,-2.509258984,181.1346389,3.601059209,0.777777778,2.621933,1.475744,1.084759,9,7
ESP_057235_1700,0.673180995,-1.873357079,28.88145084,7.226662874,0.130434783,5.583893,1.533665,1.004713,23,3
ESP_057301_2085,0.655316366,-2.982391746,57.98522958,2.992799398,0.777777778,2.15,1.38,1.04,9,7
ESP_057328_1740,0.493832395,-1.963042207,56.86372354,7.657944239,0.096774194,5.58,1.41,1.03,31,3
ESP_057341_1755,0.652362979,-1.685835716,46.2248457,12.18446327,0.076923077,9.72,2.08,1,39,3
ESP_057381_1815,1,0,28.5092926,4.926390558,0.5,4.639868,2.043352,1.150455,4,2
ESP_057429_1810,1,0,153.0996382,2.579999449,1,2.12,2.045,1.97,2,2
ESP_057687_1930,1,0,39.73591886,2.981585196,0.666666667,2.74,1.65,1.13,3,2
ESP_057842_1785,1,0,8.52306908,5.140934591,1,4.62,3.98,3.34,2,2
ESP_057917_2090,1,0,62.11384964,6.964119381,0.333333333,6.807116,2.692936,1.41004,3,1
ESP_057927_1620,0.322373995,-1.420268747,43.83580658,8.098009672,0.285714286,6.59,1.92,1.1,14,4
ESP_057957_1655,0.340849648,-0.802080925,35.16753112,9.557862796,0.142857143,9.498981,1.280235,1.01264,7,1
ESP_058014_1755,0.695167618,-1.120327102,81.90463507,11.65288528,0.076923077,11.2,1.6,1.03,13,1
ESP_058127_2075,0.522847317,-1.215901326,26.62830324,4.684892337,0.666666667,3.60235,2.396392,1.139959,6,4
ESP_058149_1670,0.494593539,-1.227115652,169.0615338,10.23962932,0.076923077,9.755768,1.848919,1.0315,13,1
ESP_058514_2140,0.660520911,-1.191938637,75.64855395,11.07540776,0.3,9.277902603,4.009213448,1.471868515,10,3
ESP_058562_1800,1,0,54.81240652,2.810864736,0.75,2.273794,1.6633605,1.036795,4,3
ESP_058569_1695,0.468878845,-1.479809694,29.55684915,6.264319237,0.357142857,4.38979,1.456288,1.037115,14,5
ESP_058595_1645,0.663846784,-1.279331902,53.46612716,6.146516936,0.375,5.20483,1.7446995,1.106686,8,3
ESP_058608_1720,1,0,16.78698229,6.702100401,0.5,5.536459,3.613746,1.966547,4,2
ESP_058620_1990,0.506990966,-1.647554353,82.65598577,5.397381898,0.166666667,4.578978,1.3254255,1.049253,12,2
ESP_058634_1975,0.252195773,-1.46402885,29.81296866,6.154622522,0.142857143,5.710688,1.924633,1.808493,7,1
ESP_058699_1805,1,0,4.938363998,4.413386417,0.333333333,4.227340698,1.90038681,1.526399612,3,1
ESP_058805_1755,0.093760573,-1.131203437,10.95901381,5.181632677,0.6,4.628263,2.586424,1.170885,5,3
ESP_058871_1780,0.141403103,-1.393153736,41.0569149,5.447919669,0.5,4.277731,2.085909,1.085346,8,4
ESP_058897_2035,0.522381796,-1.560231796,146.860163,7.18169398,0.136363636,5.22,1.26,1,22,3
ESP_058963_2065,0.491643257,-1.607643819,73.90168825,8.080495184,0.19047619,6.022867,1.750214,1.006666,21,4
ESP_058964_1700,0.267468916,-1.375771779,88.2577854,8.970752809,0.083333333,8.06933,2.251397,1.277712,12,1
ESP_058977_2025,1,0,35.64069894,3.366226829,1,2.813356,2.6633545,2.513353,2,2
ESP_059030_2150,0.209521054,-1.311054895,40.24107526,6.298888278,0.545454545,4.183052,2.622404,1.052906,11,6
ESP_059279_1635,0.627607702,-1.494745361,155.1514377,17.28923774,0.075,13.40810394,3.126594543,1.142644882,40,3
ESP_059292_2030,0.610567674,-1.986170218,141.44957,6.780211958,0.392857143,3.83,1.605,1,28,11
ESP_059293_2125,1,0,21.36884146,7.004585519,0.5,6.08,3.22,1.13,4,2
ESP_059294_1720,0.571482945,-1.299733933,75.57094097,8.274302466,0.181818182,7.527197,1.800528,1.122606,11,2
ESP_059332_1705,1,0,5.532145236,4.949624204,0.5,4.924232,3.076654,1.229076,2,1
ESP_059372_2105,0.514299046,-2.346032145,48.56586784,6.019249032,0.269230769,3.44,1.55,1.05,26,7
ESP_059387_1605,0.463452036,-1.655177198,82.09285801,11.83644784,0.21875,7.67,2.495,1.07,32,7
ESP_059400_1735,0.364726761,-1.659579603,83.85595895,6.236818367,0.75,4.05,2.955,1.44,8,6
ESP_059413_1740,0.484208671,-2.253979464,99.72900479,8.079308715,0.542857143,3.97,2.02,1.01,35,19
ESP_059441_2185,1,0,30.34067698,4.739408469,0.666666667,4.197256,3.157185,1.014273,3,2
ESP_059451_1950,0.377607689,-1.822493465,123.6760673,14.05585718,0.018518519,12.3,1.825,1.05,54,1
ESP_059453_1335,0.393146831,-1.341937249,36.05884973,5.636247394,0.25,4.630377,1.6259145,1.236298,8,2
ESP_059491_1990,0.461585409,-0.764742303,51.14748299,3.826724038,0.4,2.95,1.28,1.06,5,2
ESP_059523_2020,0.376375305,-1.111760794,58.65361305,23.24779763,0.125,21.8,3.23,1.43,16,2
ESP_059632_1975,0.398235538,-1.023140878,231.2252853,7.135763146,0.222222222,6.47,1.17,1.01,9,2
ESP_059668_1300,1,0,212.5177006,1.969924241,1,1.72,1.1,1.07,3,3
ESP_059701_1955,1,0,84.93132816,4.510534873,1,4.29,3.315,2.34,2,2
ESP_059705_1980,0.488229053,-1.471306753,70.57376142,9.766297438,0.533333333,5.53,3.25,1.26,15,8
ESP_059728_1740,0.236487143,-1.36711076,52.98359995,7.002121211,0.3,5.934347,1.9877025,1.050978,10,3
ESP_059998_2115,0.470515722,-1.22276113,104.447667,8.582744815,0.333333333,6.895304,2.6595775,1.052877,12,4
ESP_060047_1915,0.69899196,-1.395942562,53.57331872,7.840541286,0.153846154,6.741367,2.190155,1.020828,13,2
ESP_060058_1940,0.247345078,-2.005443496,42.25841997,5.036950075,0.25,4.182701,1.6195695,1.036755,12,3
ESP_060091_1630,1,0,100.0144382,3.689041857,1,2.769032,2.7533,2.008364,3,3
ESP_060242_1745,0.505691534,-0.980734146,23.91535317,8.594179418,0.285714286,7.894405,2.856081,1.327997,7,2
ESP_060342_1315,0.542272467,-1.613865466,131.6062385,5.817412544,0.5,4.724428,2.334563,1.209511,8,4
ESP_061104_1655,0.467453603,-0.68918735,38.41646381,24.21540322,0.222222222,19.52844238,2.984474182,1.369855881,9,2
ESP_061206_1735,0.469321752,-1.68858961,22.27935217,6.754712531,0.142857143,5.764397,1.904564,1.00363,14,2
ESP_061574_1925,1,0,135.1131454,2.942635396,0.25,2.761768,1.1712605,1.039862,4,1
ESP_061806_1810,0.365575726,-1.822297309,283.3045704,6.601732696,0.166666667,5.40608,1.7289545,1.007612,18,3
ESP_061812_2230,0.390060699,-1.596555742,12.44048315,5.33470178,0.5,4.120995,2.063408,1.41069,8,4
ESP_061869_1690,0.561044912,-1.120324006,45.86048881,11.01997863,0.1,10.61701,1.938448,1.141684,10,1
ESP_061935_1850,1,0,14.27952733,4.299119528,0.5,4.229711533,2.894188881,1.558666229,2,1
ESP_061997_2275,1,0,48.17064595,5.49490911,1,4.748353958,4.319056511,3.889759064,2,2
ESP_062140_1745,0.423248147,-1.75008961,7.576190921,3.762291556,0.8,2.977217,2.005222,1.191265,5,4
ESP_062234_2080,0.341802519,-1.623358959,58.10385981,10.26978673,0.170731707,6.649406,1.710192,1.008053,41,7
ESP_062370_2095,0.360724634,-0.53676539,31.13337734,13.02928183,0.2,13.013685,1.233232,1.054998,5,1
ESP_062550_2030,0.454769068,-1.861408781,53.53221641,12.79366019,0.12195122,7.451599,1.662524,1.018515,82,10
ESP_062571_1960,0.771787413,-2.237698404,48.95950319,10.50693288,0.035714286,8.839676,1.597221,1.006893,56,2
ESP_062861_1845,0.244495721,-2.092345828,21.63415955,5.324435106,0.421052632,3.279619,1.576145,1.001118,19,8
ESP_062984_1975,1,0,60.43886432,4.263348838,0.333333333,4.132393,1.592075,1.42412,3,1
ESP_062999_2145,1,0,76.32738361,1.892658632,1,1.496151,1.221615,1.171467,3,3
ESP_063228_2180,1,0,31.99902614,3.019270223,0.5,2.670645,1.457659,1.213589,4,2
ESP_063533_1975,0.588742833,-2.188074519,334.3320907,4.955049092,0.153846154,4.045961,1.523182,1.085501,13,2
ESP_063768_2270,1,0,7.337113217,3.235153791,0.666666667,2.955572,1.753281,1.384199,3,2
ESP_063861_1855,1,0,147.4777347,3.470828958,0.666666667,3.187784,2.003008,1.113758,3,2
ESP_063930_2125,0.437680665,-1.623218948,43.48194229,5.966344706,0.357142857,4.38026,1.561496,1.035847,14,5
ESP_063979_2280,0.66068524,-1.147641477,44.86979765,10.5471328,0.307692308,7.374662399,2.72410965,1.016187668,13,4
ESP_064450_2250,1,0,14.47548955,5.250495082,0.75,4.340235,3.073003,1.358246,4,3
ESP_064646_1975,0.207397559,-1.862529687,17.4494242,3.268678413,0.8,2.607328,1.508429,1.169085,5,4
ESP_064651_1865,1,0,488.5524036,3.260629111,0.333333333,3.096563,1.4205,1.282143,3,1
ESP_064681_1915,0.331214037,-1.432179934,97.26776209,14.25454159,0.066666667,11.176302,1.7243815,1.122656,30,2
ESP_064686_2090,0.845615552,-1.984882359,71.28645337,12.75447196,0.092783505,7.694881,1.621811,1.00713,97,9
ESP_064687_2045,1,0,51.08754857,2.840480583,1,2.523134232,1.527807236,1.487140656,3,3
ESP_064721_1710,0.381106081,-0.981013722,16.55565352,12.48269203,0.125,12.191963,2.3097515,1.417158,8,1
ESP_064728_2030,0.316697789,-1.802268847,3.176754165,3.441674593,0.8,2.491708755,1.940044403,1.195703506,5,4
ESP_064738_1855,0.461247784,-2.363011874,53.291428,9.068322141,0.075949367,5.933102,1.35582,1.005713,79,6
ESP_064740_1760,0.640546687,-1.645509682,46.23407272,6.07696503,0.5,3.827427,1.8750025,1.007122,16,8
ESP_064747_2065,0.688751854,-2.302538648,53.44594406,4.780217445,0.315789474,2.905357,1.270983,1.049486,19,6
ESP_064760_1795,0.168724902,-2.77027353,49.33135808,3.020810034,0.75,2.235167,1.3250465,1.058834,8,6
ESP_064783_1920,0.397037733,-0.95070991,77.10229855,18.15140542,0.142857143,17.424936,3.38854,2.582808,7,1
ESP_064826_1900,0.044175544,-1.618961971,117.9612207,4.068110529,0.125,3.715914,1.2504995,1.048574,8,1
ESP_064833_2190,0.460461744,-1.43104263,79.02541574,11.02858477,0.214285714,8.084755,2.6656695,1.254791,14,3
ESP_064852_1890,0.355723186,-1.495251502,100.5245573,4.423718695,0.375,3.587811,1.440665,1.012609,8,3
ESP_064880_1920,1,0,47.83588576,2.824627003,0.666666667,2.447412,1.887257,1.04916,3,2
ESP_065189_1700,0.022484282,-1.468064063,62.84350634,4.710505373,0.5,3.735275,1.819061,1.31566,6,3
ESP_065222_2095,0.333135016,-2.451188396,34.66832535,4.84736053,0.666666667,2.774424,1.4577515,1.011415,18,12
ESP_065340_1890,0.703187676,-2.396064722,98.10546209,6.861374817,0.189189189,4.307812,1.564425,1.027634,37,7
ESP_065347_1830,0.441511821,-1.264737079,152.3943959,8.659296422,0.285714286,6.889187,1.842881,1.045055,14,4
ESP_065387_1805,0.748997163,-2.106271364,101.1434956,11.92534039,0.146666667,6.452143,1.965223,1.007521,75,11
ESP_065464_1770,0.6685719,-1.627344078,163.7290482,9.1637044,0.15625,5.98782,1.558238,1.024504,32,5
ESP_065476_1830,0.295348505,-1.126113508,30.98822407,6.513166209,0.8,4.31357193,4.01531601,1.752634048,5,4
ESP_065478_1820,0.143516285,-0.724106091,54.58335931,15.62135274,0.4,12.427595,3.354202,2.32514,5,2
ESP_065490_2000,0.483131667,-2.282524622,21.44509982,5.320832447,0.55,3.076979,1.664031,1.015829,20,11
ESP_065709_1820,1,0,125.2287545,1.608865781,1,1.438452,1.2487935,1.059135,2,2
ESP_065746_1880,0.482217043,-2.110934349,107.6543337,3.404274711,0.833333333,2.498978,1.674901,1.081509,6,5
ESP_065754_1820,0.484655448,-2.028592843,212.7750829,15.54059715,0.016129032,15.004723,1.4729175,1.009224,62,1
ESP_065775_2000,0.420471752,-1.264406671,31.0768368,6.040158671,0.181818182,4.609657,1.194719,1.060551,11,2
ESP_065843_1775,0.427988125,-1.198729391,68.66875035,20.83785224,0.073170732,16.287207,2.826027,1.031719,41,3
ESP_066018_1765,0.326033994,-1.930215281,12.59179354,4.944176359,0.555555556,3.796957016,1.944889069,1.360280991,9,5
ESP_066062_1945,1,0,95.14204764,3.648101886,1,3.440222,2.7132235,1.986225,2,2
ESP_066123_1905,0.503893178,-1.827730882,94.01225718,4.008141226,0.222222222,3.423124,1.495396,1.005589,9,2
ESP_066176_1790,0.308368522,-2.97262872,92.12321085,4.109761869,0.923076923,2.269842,1.661737,1.100508,13,12
ESP_066480_1970,0.772552713,-2.116182697,57.05299111,10.30646114,0.059701493,7.204416275,1.438983917,1.013479233,67,4
ESP_066493_2090,0.287326963,-1.571414554,131.3519131,5.562196803,0.8,4.124611,3.192616,1.749578,5,4
ESP_066528_1890,1,0,107.1424663,4.471594101,0.333333333,4.398947,1.294939,1.283806,3,1
ESP_066533_1895,0.673278456,-1.477124824,37.84845743,7.411881811,0.411764706,4.419527,2.10894,1.022207,17,7
ESP_066550_1925,0.709687991,-1.045742153,73.37618851,8.397609213,0.416666667,6.092533,2.127575,1.045094,12,5
ESP_066551_1300,1,0,10.19680338,2.075597092,1,1.729935,1.642793,1.555651,2,2
ESP_066559_2085,1,0,36.3293099,5.546409886,0.25,5.438995361,1.533784866,1.357925415,4,1
ESP_066585_1805,1,0,61.71856604,4.099913111,1,3.041786,3.005339,2.388615,3,3
ESP_066594_1915,1,0,17.97604096,2.452710546,1,2.296194077,1.83986187,1.383529663,2,2
ESP_066598_2020,0.713015499,-1.706762764,78.57301369,7.248355829,0.181818182,5.01503,1.664159,1.007294,22,4
ESP_066633_1770,1,0,36.31462688,3.273312633,1,2.875046,2.5597745,2.244503,2,2
ESP_066902_1830,0.750656285,-1.967937119,66.74850867,11.35782677,0.078947368,7.094646,1.6074,1.006927,76,6
ESP_066968_1755,0.702649806,-1.542133463,77.59649224,7.145331044,0.2,5.843811,1.790169,1.066641,15,3
ESP_067034_2015,0.435532596,-0.982992714,69.28409233,5.313651261,0.333333333,4.494928,1.347619,1.044937,6,2
ESP_067073_2060,0.704440373,-2.136016309,109.2264208,7.960959909,0.125,5.533733,1.4785975,1.000685,40,5
ESP_067126_1760,0.360185247,-1.352788415,37.66373389,5.66797015,0.25,5.125729,1.7932885,1.01792,8,2
ESP_067179_1755,0.805822801,-1.882470437,42.58018306,9.720541361,0.090909091,7.226274,1.5986855,1.045082,44,4
ESP_067192_1905,0.660104827,-2.599361847,59.18496471,5.638698843,0.222222222,3.659365,1.448069,1.007063,27,6
ESP_067245_2095,1,0,10.88078458,4.812586998,0.5,4.481831,2.05812,1.131435,4,2
ESP_067306_1890,0.612132594,-2.031833196,52.08245522,4.335811574,0.555555556,2.998739,1.643192,1.215845,9,5
ESP_067311_1795,0.532315617,-1.151540891,35.92201179,8.506770164,0.083333333,8.075884,1.331585,1.004051,12,1
ESP_067319_2070,1,0,1.700961706,1.936883217,1,1.848532,1.4157355,0.982939,2,2
ESP_067325_1685,0.115170874,-0.776115275,24.62203253,7.794249131,0.6,6.154358,3.417341,1.088568,5,3
ESP_067377_1750,0.436865957,-1.804486575,314.8580386,9.061733061,0.277777778,6.136215,2.3120315,1.467236,18,5
ESP_067390_1755,0.152500195,-0.765733739,25.49231046,6.3366493,0.6,5.181004,3.571489,1.100281,5,3
ESP_067438_1805,0.468870203,-1.59324113,14.87191303,4.421696682,0.833333333,3.02523,2.4117415,1.191095,6,5
ESP_067469_1740,0.480748209,-1.476679524,60.4963105,7.081784661,0.375,4.810289,2.0743865,1.007689,16,6
ESP_067543_2045,0.351559816,-2.482513542,59.69674831,4.111053126,0.6,2.899986,1.5955445,1.228615,10,6
ESP_067781_2105,0.407375733,-1.758032408,18.51125297,3.173543521,0.8,2.400822,1.604252,1.027166,5,4
PSP_002736_2075,0.60542754,-1.487409084,30.43175925,16.76334127,0.034482759,16.408886,1.774429,1.128239,29,1
PSP_002764_1800,0.54313894,-0.7878582,113.8085866,29.313199,0.222222222,23.784451,2.797079,1.076246,18,4
PSP_003172_1870,0.451790393,-2.188257546,310.0377282,36.81389196,0.003856041,16.650751,1.52615,0.999802,2334,9
PSP_003527_1940,0.532061876,-1.489330642,85.28460962,16.84765648,0.044444444,13.968044,1.78363,1.036749,45,2
PSP_003602_2085,0.705298786,-1.219101188,53.43321888,17.72728708,0.083333333,15.786545,4.6249765,1.627321,12,1
PSP_003674_1855,1,0,14.46525904,10.60545941,0.5,9.970693588,4.047182083,2.584747314,4,2
PSP_003780_2000,1,0,36.19896116,10.60860162,0.333333333,10.202377,4.980425,2.035217,3,1
PSP_003925_1940,0.764616419,-1.314306962,45.99117344,18.57858273,0.212765957,10.591566,2.181206,1.117613,47,10
PSP_004038_2005,0.218063441,-0.760077536,49.70459838,22.61942386,0.2,22.39988518,4.557006836,3.967535019,5,1
PSP_004123_1915,0.323933589,-1.43596196,83.41329114,9.884990622,0.166666667,8.4,2.305,1.06,18,3
PSP_004770_1710,0.139014511,-0.838601549,62.03159847,16.3158587,0.222222222,14.38,5.04,1.35,9,2
PSP_005579_2060,0.71895629,-1.331702697,84.37154262,21.66118877,0.015151515,18.96,1.375,1,66,1
PSP_005942_1825,0.341126754,-1.724502992,269.7308818,33.48646464,0.012605042,24.379362,1.986002,1.009132,238,3
PSP_006758_2050,0.610923241,-1.591716518,34.12324874,15.36466907,0.152542373,8.93,2.16,1.11,59,9
PSP_007009_1905,0.23400312,-1.856767569,509.0924615,20.77768119,0.033149171,12.9,1.9,0.919,181,6
PSP_007036_1765,0.708433892,-1.916428591,191.4024989,17.51711326,0.020833333,12.86,1.31,1,192,4
PSP_007183_1850,0.53166272,-1.81146391,101.3994996,12.05571593,0.340425532,6.36,2.37,1.02,47,16
PSP_007246_1890,1,0,26.49566405,5.125699179,0.333333333,5.075443268,1.34022522,1.148532867,3,1
PSP_007272_1945,1,0,16.900964,16.02429137,0.5,15.95906448,9.822066307,3.68506813,2,1
PSP_007378_1860,0.527004605,-1.664292562,758.9301402,12.57722226,0.13559322,7.69,1.7,1,59,8
PSP_007496_1735,1,0,63.94785187,2.091012002,1,1.51,1.31,1.04,4,4
PSP_007499_1810,0.735864804,-1.984438662,216.8569812,37.32664487,0.006868132,23.6417141,1.761753082,1.005018234,728,5
PSP_007596_1295,0.078134125,-1.510393482,145.486552,3.364071757,0.4,3.0138,1.39543,1.005417,5,2
PSP_007773_1930,0.545887615,-3.408810962,104.7445083,7.347254495,1,5.06,3.435,2.72,8,8
PSP_008015_2205,0.856686935,-1.998055666,364.0080679,9.282572806,0.048780488,7.86,1.41,1.01,41,2
PSP_008045_2020,1,0,58.78260309,4.207191252,0.75,3.68,2.1,1.81,4,3
PSP_008236_2180,1,0,79.05800529,5.125676751,0.25,5.07,1.17,1,4,1
PSP_008300_1905,0.390119673,-0.771634806,114.0917908,6.310597951,0.2,6.25,1.22,1.04,5,1
PSP_009185_1770,0.380297568,-1.596392353,52.25866503,10.12066938,0.2,6.477655,2.4343235,1.070108,30,6
PSP_009265_1730,0.755191897,-1.303992348,91.163706,36.19538596,0.018181818,34.45562363,2.613500595,0.847290039,55,1
PSP_009305_1830,0.449024554,-2.421265015,216.526024,7.391673304,0.385964912,3.27,1.35,1.01,57,22
PSP_009978_2265,0.490640241,-1.793555046,148.5750686,7.556392917,0.384615385,4.667059,1.775603,1.048086,26,10
PSP_010177_1850,0.227704841,-2.557065658,70.73377759,3.592731683,0.6,2.68,1.44,1.05,10,6
PSP_010200_1805,0.474747596,-1.635846915,154.0101381,8.60310845,0.225806452,5.265375,1.501492,1.002769,31,7
PSP_010255_1700,0.143394608,-1.418444678,43.21451282,3.678454847,0.2,3.378304,1.424513,1.077635,5,1
PSP_010292_1785,0.583192313,-1.908401338,121.6907165,12.34390896,0.084210526,7.070868,1.45903,1.000586,95,8
PSP_010319_1780,0.459450412,-2.055612781,66.13976452,6.21076713,0.47826087,3.81,1.81,1.01,23,11
PSP_010528_1770,0.320812735,-2.240526143,36.46927415,3.620548791,0.272727273,2.86,1.12,1.03,11,3
PSP_010585_2255,0.391698569,-1.255538883,28.81416449,5.73072555,0.125,5.510349,1.4787075,1.075237,8,1
PSP_010621_1960,0.354099264,-1.579212019,55.22374095,5.347506871,0.333333333,4.76,2.17,1.44,6,2
PSP_010625_2360,0.274920808,-2.312544364,58.34374657,6.408858093,0.7,4.366718,2.6454565,1.673172,10,7
PSP_010634_2135,0.197803715,-1.150561875,22.62044686,6.303304439,0.375,5.31,1.61,1.19,8,3
PSP_010635_1780,1,0,16.35654596,6.510890844,0.5,6.494507,3.885338,1.276169,2,1